{"mean": {"CO(GT)": -37.66821138211383, "PT08.S1(CO)": 1157.665785907859, "NMHC(GT)": 110.82845528455285, "C6H6(GT)": 5.583177025975757, "PT08.S2(NMHC)": 918.2310975609756, "NOx(GT)": 70.73252032520325, "PT08.S3(NOx)": 949.3736449864496, "NO2(GT)": 37.35284552845528, "PT08.S4(NO2)": 1554.8455284552845, "PT08.S5(O3)": 987.2268970189701, "T": 11.040928193611824, "RH": 44.98056234092246, "AH": -3.544150515607132}, "std": {"CO(GT)": 80.58907421533326, "PT08.S1(CO)": 310.59740578318343, "NMHC(GT)": 254.2147961360701, "C6H6(GT)": 31.65406000564272, "PT08.S2(NMHC)": 312.8757950892231, "NOx(GT)": 156.53085336338015, "PT08.S3(NOx)": 314.0501109975275, "NO2(GT)": 125.05763964816359, "PT08.S4(NO2)": 387.26027645309784, "PT08.S5(O3)": 417.9542083407808, "T": 31.984240139824415, "RH": 39.72638367650596, "AH": 29.444076254188655}}